gender,  age, family,  income,  marital, education, period, mailing, recent, total
0, 44, 2, 64, 1, 4, 13, 0, 3.7, 37.45
0, 33, 6, 136, 1, 5, 11, 0, 4.4, 42
1, 52, 2, 116, 1, 1, 68, 0, 18.15, 1300.6
1, 33, 1, 33, 0, 2, 33, 0, 9.45, 288.8
0, 30, 4, 30, 1, 1, 23, 0, 6.3, 157.05
1, 39, 1, 78, 0, 2, 41, 0, 11.8, 487.4
1, 22, 5, 19, 1, 2, 45, 1, 10.9, 504.5
0, 35, 3, 76, 0, 2, 38, 1, 6.05, 239.55
0, 59, 5, 166, 1, 4, 45, 0, 9.75, 449.05
0, 41, 3, 72, 1, 1, 68, 0, 24.15, 1659.7
1, 33, 1, 125, 0, 4, 5, 1, 4.85, 17.25
1, 35, 1, 80, 0, 2, 7, 0, 7.1, 47.45
1, 38, 3, 37, 1, 2, 41, 0, 8.55, 308.7
1, 54, 3, 115, 1, 4, 57, 1, 15.6, 825.35
1, 46, 2, 25, 0, 1, 9, 0, 4.4, 36.8
0, 38, 4, 75, 1, 5, 29, 0, 5.1, 146.25
0, 57, 1, 162, 0, 2, 60, 0, 16.15, 946.9
1, 48, 3, 49, 0, 2, 34, 0, 6.65, 230.8
0, 24, 1, 20, 0, 1, 1, 0, 1.05, 1.05
0, 29, 4, 77, 1, 4, 26, 1, 6.7, 140.95
1, 30, 1, 16, 0, 3, 6, 0, 3.75, 25.65
0, 52, 2, 120, 1, 1, 68, 0, 20.7, 1391.05
1, 33, 2, 101, 0, 5, 53, 1, 5.3, 253.35
0, 48, 3, 67, 1, 1, 55, 0, 15.05, 810.45
0, 43, 5, 36, 1, 1, 14, 0, 12.5, 153.75
1, 21, 3, 33, 0, 2, 1, 0, 2.2, 2.2
1, 40, 1, 37, 0, 2, 42, 1, 8.25, 399.15
0, 33, 4, 31, 1, 1, 25, 0, 9.1, 234.95
1, 21, 3, 17, 1, 2, 9, 0, 2.9, 25.25
1, 33, 2, 19, 1, 4, 13, 1, 5.55, 75.25
1, 37, 2, 36, 1, 1, 56, 1, 10.6, 582.6
0, 53, 2, 155, 1, 5, 71, 1, 21, 1519.2
1, 50, 4, 140, 1, 2, 35, 0, 6.5, 247.55
0, 27, 3, 55, 1, 5, 11, 0, 4.8, 54.1
0, 46, 2, 163, 1, 3, 60, 1, 33.9, 1947.95
0, 35, 2, 52, 1, 4, 20, 1, 4.25, 82.7
0, 60, 1, 211, 0, 4, 54, 1, 21.15, 1228.7
0, 57, 2, 186, 1, 2, 44, 0, 9.8, 428.25
1, 41, 2, 39, 1, 1, 11, 0, 6.55, 67.8
1, 57, 1, 22, 0, 2, 72, 0, 41.75, 3043.05
0, 41, 1, 30, 0, 1, 10, 0, 2.5, 31.25
1, 28, 1, 29, 0, 2, 15, 0, 4.25, 78
0, 28, 5, 23, 1, 2, 27, 0, 6.2, 180.15
0, 36, 6, 62, 1, 4, 9, 1, 5.65, 43.3
1, 43, 4, 76, 1, 4, 64, 0, 14.7, 897.05
0, 41, 2, 74, 1, 4, 65, 1, 14.5, 963.3
0, 51, 5, 63, 1, 4, 49, 1, 12.85, 585.6
0, 41, 2, 36, 1, 4, 47, 1, 7.75, 361
1, 34, 4, 33, 1, 2, 9, 0, 2.95, 18.9
1, 36, 1, 29, 0, 2, 5, 1, 3.25, 16.8
0, 34, 5, 27, 1, 2, 30, 0, 6.3, 150.9
0, 52, 4, 49, 1, 2, 56, 0, 24.75, 1349.05
0, 22, 1, 24, 0, 4, 10, 1, 7.8, 63
0, 26, 5, 26, 1, 2, 7, 0, 4.85, 33.7
0, 27, 2, 47, 0, 3, 52, 1, 6.25, 330.4
1, 45, 5, 94, 1, 2, 36, 0, 7.2, 258.75
1, 34, 1, 21, 0, 3, 27, 0, 7.65, 213.45
0, 62, 2, 27, 1, 1, 58, 0, 15.5, 967.1
1, 52, 1, 30, 0, 2, 41, 0, 10.4, 447.85
1, 40, 4, 127, 1, 4, 47, 1, 19.7, 909.9
1, 39, 2, 137, 1, 2, 55, 0, 12.7, 676.9
1, 50, 4, 80, 1, 2, 56, 0, 28.8, 1558.1
0, 55, 1, 30, 0, 2, 35, 0, 10.25, 395.85
1, 51, 2, 438, 1, 4, 69, 0, 29, 1815.4
0, 39, 1, 79, 0, 2, 44, 1, 15.25, 653.7
0, 47, 2, 63, 1, 1, 36, 0, 9.05, 373.65
1, 51, 6, 40, 1, 3, 28, 0, 8.95, 253.55
0, 67, 2, 51, 1, 1, 72, 0, 57.05, 4168.25
0, 27, 4, 37, 0, 3, 16, 0, 6, 80.7
1, 43, 1, 61, 0, 4, 3, 1, 3.15, 7.9
0, 57, 2, 22, 1, 2, 40, 0, 8.55, 381.5
1, 39, 1, 44, 0, 4, 16, 1, 6.6, 96.3
0, 42, 1, 17, 0, 3, 20, 0, 7.8, 175.85
1, 43, 3, 110, 0, 5, 48, 1, 7.25, 359.35
0, 48, 2, 91, 1, 2, 64, 0, 24.5, 1531.9
0, 46, 1, 46, 0, 2, 8, 1, 3.15, 16.65
0, 38, 2, 85, 1, 3, 40, 0, 10.6, 384.8
0, 71, 1, 10, 0, 2, 38, 0, 11.2, 429.85
1, 68, 1, 244, 0, 1, 67, 0, 30.25, 2186.2
1, 42, 1, 80, 0, 4, 26, 1, 7.85, 196.65
1, 34, 2, 83, 1, 5, 41, 0, 8.9, 379.55
0, 31, 1, 21, 0, 1, 2, 0, 1.65, 3.2
0, 48, 2, 24, 1, 2, 20, 0, 11.85, 230.7
1, 53, 1, 351, 0, 3, 31, 0, 5.5, 185.3
1, 52, 4, 169, 1, 4, 45, 0, 14.65, 618.15
0, 27, 4, 46, 1, 2, 33, 1, 7.25, 243.35
0, 26, 1, 34, 0, 3, 10, 0, 4.85, 41.85
0, 54, 2, 50, 1, 4, 62, 1, 17.25, 1067.8
1, 35, 1, 161, 0, 5, 4, 1, 3.4, 10.35
0, 47, 2, 212, 1, 4, 42, 0, 7.45, 320.9
0, 51, 3, 80, 1, 5, 27, 1, 7.1, 176.2
1, 42, 1, 30, 0, 4, 38, 0, 13.2, 495.85
1, 61, 2, 53, 1, 5, 52, 1, 12.25, 631.7
1, 33, 1, 73, 0, 5, 35, 1, 5.85, 216.6
1, 20, 4, 17, 1, 2, 3, 1, 3.75, 12.3
0, 33, 1, 23, 0, 5, 17, 1, 10.2, 196.3
0, 53, 2, 34, 1, 1, 55, 0, 5.7, 304.4
1, 36, 3, 107, 1, 1, 43, 0, 11.55, 491.55
1, 25, 2, 21, 1, 1, 47, 0, 8.65, 426.6
1, 58, 1, 83, 0, 2, 65, 0, 19.3, 1323.2
0, 20, 5, 17, 0, 3, 13, 1, 3.05, 40.3
1, 25, 6, 76, 1, 3, 64, 1, 24.05, 1536.55
0, 24, 1, 19, 0, 1, 12, 0, 4, 46
1, 32, 3, 49, 1, 4, 29, 1, 6.7, 187
1, 47, 1, 173, 0, 3, 23, 1, 7.6, 145.9
1, 35, 1, 47, 0, 3, 14, 1, 5, 76.2
0, 61, 1, 41, 0, 2, 35, 0, 9.6, 353.55
1, 39, 1, 105, 0, 3, 26, 1, 6.6, 159.7
0, 54, 1, 31, 0, 4, 13, 1, 5.85, 97
0, 40, 3, 41, 1, 2, 69, 0, 25.25, 1725.1
1, 50, 3, 102, 1, 4, 61, 1, 12.6, 760.3
1, 22, 5, 36, 1, 4, 45, 0, 9.95, 412.1
1, 37, 1, 24, 0, 1, 3, 1, 2, 3.05
0, 22, 2, 25, 0, 4, 53, 1, 12.05, 666
1, 42, 1, 68, 0, 2, 59, 0, 17.3, 997.85
1, 34, 1, 20, 0, 3, 13, 0, 4.8, 71.05
0, 31, 1, 48, 0, 1, 31, 0, 3.8, 127.7
1, 29, 5, 40, 1, 2, 40, 0, 13, 502.95
0, 55, 1, 79, 0, 1, 48, 0, 13.8, 668.65
0, 31, 1, 28, 0, 1, 3, 0, 3.45, 13.3
1, 48, 1, 64, 0, 2, 51, 0, 14.8, 708.45
0, 41, 1, 37, 0, 2, 33, 0, 12.2, 415.05
0, 47, 2, 48, 1, 1, 14, 0, 4.25, 55.5
0, 42, 3, 131, 1, 5, 17, 1, 5.8, 103.1
0, 29, 3, 18, 1, 2, 19, 1, 5.4, 108.5
1, 36, 1, 38, 0, 2, 58, 0, 10.15, 538.65
1, 23, 3, 37, 0, 2, 22, 1, 5.35, 144.05
0, 31, 5, 60, 1, 4, 29, 1, 9.6, 243.9
1, 22, 4, 13, 1, 3, 14, 0, 9.45, 117.55
1, 64, 2, 98, 1, 1, 70, 0, 26.15, 1805.1
0, 52, 2, 195, 1, 1, 62, 0, 23.15, 1420.95
0, 35, 5, 47, 1, 1, 7, 0, 5.2, 46.9
0, 47, 3, 65, 1, 2, 56, 0, 12.4, 744.45
1, 50, 4, 150, 1, 5, 50, 1, 19.3, 930.8
0, 39, 1, 106, 0, 5, 57, 0, 9.05, 568.15
1, 40, 1, 51, 0, 4, 2, 1, 4.25, 6.8
1, 38, 1, 96, 0, 4, 40, 0, 9.3, 316.05
0, 43, 2, 33, 0, 5, 6, 0, 4.25, 30
1, 25, 3, 38, 1, 2, 23, 0, 13.9, 255
0, 32, 1, 125, 0, 4, 11, 1, 3.8, 31.75
1, 37, 4, 145, 1, 5, 29, 0, 8.6, 241.45
0, 44, 3, 99, 1, 2, 42, 0, 22.05, 841.55
1, 34, 3, 22, 1, 4, 20, 1, 4.85, 75.45
0, 60, 2, 31, 1, 1, 72, 0, 32.25, 2349.25
1, 36, 1, 25, 0, 1, 2, 0, 1.9, 3.6
1, 25, 2, 57, 0, 5, 46, 1, 20.25, 923.95
0, 51, 6, 41, 1, 5, 39, 1, 12.1, 492.8
1, 25, 2, 20, 1, 3, 24, 0, 8.15, 209.35
1, 43, 5, 101, 1, 2, 59, 0, 13.65, 817.65
0, 37, 1, 56, 0, 2, 65, 0, 10.25, 681.95
1, 27, 3, 22, 1, 2, 50, 0, 17.2, 893.3
1, 37, 1, 108, 0, 4, 57, 0, 21.8, 1292
1, 48, 1, 115, 0, 4, 61, 1, 12.8, 785.7
0, 54, 1, 53, 0, 4, 34, 1, 8.1, 225.4
0, 53, 1, 242, 0, 4, 38, 1, 8.95, 396.35
1, 24, 5, 20, 1, 2, 3, 0, 3.35, 7.55
0, 47, 1, 123, 0, 4, 4, 1, 2.5, 9.25
0, 35, 1, 34, 0, 1, 15, 0, 3.95, 47.95
1, 29, 5, 31, 1, 4, 25, 1, 12.95, 348.9
1, 44, 2, 47, 0, 1, 21, 0, 7.05, 182.3
1, 37, 2, 48, 1, 3, 50, 0, 12.9, 669.75
1, 64, 3, 13, 1, 2, 65, 0, 14.6, 921.7
0, 52, 2, 78, 1, 1, 59, 0, 18.6, 1179.05
1, 26, 2, 34, 0, 1, 29, 0, 6.5, 198.7
1, 46, 1, 81, 0, 5, 60, 1, 17.45, 1067
0, 45, 2, 86, 1, 2, 71, 0, 45.05, 3235.9
0, 27, 4, 26, 1, 4, 38, 1, 12.2, 477.5
1, 34, 5, 51, 1, 2, 16, 0, 4.7, 61.5
0, 31, 1, 59, 0, 3, 7, 1, 2.45, 16.35
0, 53, 1, 112, 0, 4, 59, 1, 21.1, 1236.3
0, 56, 2, 57, 1, 4, 22, 0, 6.2, 135.2
1, 48, 2, 41, 1, 1, 18, 0, 4.35, 59.15
1, 46, 2, 168, 1, 2, 64, 1, 14.2, 928.8
1, 33, 3, 29, 0, 4, 7, 1, 4.65, 35.45
1, 58, 2, 167, 0, 2, 65, 0, 24.3, 1642.35
0, 24, 3, 29, 0, 2, 7, 0, 4.45, 43.7
1, 55, 1, 104, 0, 1, 64, 0, 15, 960.95
0, 22, 2, 46, 1, 4, 42, 0, 9.35, 311.85
1, 26, 3, 46, 0, 4, 33, 1, 11, 350.05
1, 33, 1, 51, 0, 4, 3, 0, 2.9, 12.05
0, 42, 2, 65, 1, 2, 69, 1, 14.2, 1007.5
0, 33, 2, 48, 0, 2, 9, 0, 3.15, 39.75
0, 34, 4, 46, 1, 3, 22, 0, 7.1, 125.05
0, 63, 2, 43, 1, 2, 53, 1, 14.85, 808.95
0, 53, 1, 110, 0, 1, 71, 0, 17.45, 1249.8
0, 26, 3, 32, 0, 3, 24, 1, 4.25, 97.35
1, 22, 2, 18, 1, 3, 12, 1, 4.65, 57.7
0, 39, 4, 26, 1, 4, 25, 1, 14.45, 349.9
1, 28, 6, 34, 1, 2, 63, 0, 15, 934.05
1, 54, 3, 57, 1, 4, 33, 0, 7.5, 226.25
1, 54, 3, 21, 1, 2, 57, 0, 10.6, 565.55
1, 33, 1, 38, 0, 3, 13, 1, 5.05, 48.6
1, 21, 1, 19, 0, 3, 13, 0, 7.9, 98.35
0, 39, 1, 40, 0, 3, 71, 0, 36.25, 2553.7
0, 69, 2, 58, 1, 3, 18, 1, 6.35, 118.05
1, 51, 2, 95, 1, 2, 17, 0, 7.45, 132.9
0, 43, 1, 114, 0, 2, 22, 0, 9.25, 202.8
0, 65, 2, 128, 1, 3, 65, 0, 21.2, 1325.05
1, 40, 1, 33, 0, 4, 7, 1, 2.8, 16.85
1, 66, 1, 460, 0, 4, 72, 0, 89.4, 6353.9
0, 43, 1, 224, 0, 3, 35, 0, 7.7, 271.55
0, 39, 3, 122, 0, 4, 24, 0, 4.45, 98.35
1, 24, 5, 23, 1, 3, 64, 0, 7, 394.6
0, 63, 2, 191, 1, 3, 63, 0, 12.7, 782.45
0, 31, 3, 187, 1, 4, 38, 0, 12.65, 448.75
0, 37, 3, 119, 1, 3, 29, 0, 4.6, 138.7
1, 69, 2, 44, 1, 2, 72, 0, 99.95, 7257.6
1, 27, 2, 15, 1, 3, 10, 1, 7.5, 66.45
1, 64, 1, 674, 0, 4, 72, 0, 49.6, 3535.8
1, 23, 2, 33, 1, 4, 52, 0, 13.1, 757.8
1, 55, 2, 250, 0, 2, 13, 0, 4.1, 50.1
0, 33, 2, 64, 0, 4, 3, 1, 2.15, 6
0, 24, 4, 26, 1, 2, 39, 1, 10.4, 403.5
0, 29, 2, 23, 0, 3, 28, 1, 3.7, 91.95
0, 42, 3, 52, 0, 4, 46, 0, 14.25, 611.65
1, 46, 1, 200, 0, 3, 62, 0, 26.25, 1625.35
0, 33, 2, 28, 1, 1, 23, 0, 6.9, 177.4
0, 25, 3, 19, 1, 5, 23, 1, 6.95, 157.1
0, 61, 2, 76, 1, 3, 72, 0, 54.8, 3983.6
0, 60, 1, 70, 0, 2, 56, 1, 7.75, 397.15
1, 30, 1, 34, 0, 2, 8, 0, 4.25, 28.65
1, 36, 3, 34, 0, 5, 3, 1, 2.7, 7
0, 37, 1, 172, 0, 3, 37, 1, 6.85, 258.5
0, 53, 3, 48, 1, 1, 37, 0, 12.55, 439.55
1, 30, 1, 45, 0, 2, 6, 0, 1.35, 9.95
0, 47, 5, 72, 0, 3, 48, 0, 15.3, 732.35
1, 43, 4, 55, 1, 4, 43, 0, 9.1, 422.7
1, 29, 4, 40, 0, 4, 21, 0, 4.5, 89.1
0, 33, 1, 26, 0, 3, 6, 0, 6.1, 35.1
0, 51, 4, 96, 0, 1, 69, 0, 33.95, 2338.8
0, 33, 1, 54, 0, 1, 22, 0, 11.05, 246.7
1, 40, 3, 47, 1, 2, 28, 0, 8.1, 224.25
0, 47, 2, 142, 1, 1, 71, 0, 32.2, 2237.35
0, 37, 1, 57, 0, 4, 7, 0, 3.8, 23.9
0, 29, 2, 20, 0, 3, 63, 1, 13.3, 867.9
0, 57, 1, 37, 0, 1, 53, 0, 7.7, 363.95
0, 52, 4, 36, 1, 4, 50, 1, 11.95, 616.25
0, 31, 2, 24, 1, 4, 39, 1, 13.9, 505.55
1, 19, 1, 21, 0, 2, 16, 0, 5.25, 70.25
0, 51, 2, 186, 1, 3, 43, 0, 18.9, 856.3
1, 31, 3, 30, 0, 1, 44, 0, 8, 317.9
1, 66, 2, 96, 1, 2, 72, 1, 35.15, 2537.65
0, 76, 1, 15, 0, 1, 61, 0, 18.6, 1168.45
0, 21, 4, 25, 1, 1, 43, 0, 7.6, 334.45
1, 39, 1, 49, 0, 3, 24, 0, 7.45, 177.2
1, 45, 1, 38, 0, 2, 64, 0, 13.75, 918
0, 38, 2, 29, 0, 2, 64, 0, 17.5, 1114.45
1, 26, 1, 55, 0, 2, 24, 0, 7.6, 175.8
1, 55, 3, 64, 1, 3, 33, 0, 5.15, 163.05
1, 33, 5, 42, 1, 4, 33, 0, 8.8, 305.75
0, 40, 1, 134, 0, 4, 2, 1, 3.9, 4.6
1, 48, 5, 82, 1, 1, 42, 1, 9.3, 459
0, 54, 2, 153, 1, 5, 52, 1, 11.05, 555.85
1, 66, 1, 144, 0, 2, 45, 0, 7.75, 338.8
0, 25, 2, 22, 0, 4, 3, 1, 2.85, 7.5
1, 53, 4, 35, 1, 1, 37, 0, 21.3, 788.25
1, 57, 1, 82, 0, 4, 28, 1, 4.05, 71.5
0, 63, 2, 61, 1, 1, 40, 0, 10.9, 470.9
0, 33, 1, 102, 0, 2, 37, 1, 16.3, 646.7
0, 27, 5, 31, 0, 3, 7, 1, 4.15, 30.8
1, 56, 1, 170, 0, 1, 71, 0, 14.2, 1001.2
1, 46, 1, 26, 0, 2, 19, 1, 6.05, 121.7
1, 40, 1, 85, 0, 3, 61, 1, 13.65, 831.15
1, 53, 2, 183, 1, 2, 70, 0, 32.9, 2234.9
1, 55, 2, 67, 1, 1, 60, 0, 10.75, 697.7
1, 45, 2, 42, 1, 1, 48, 0, 9.25, 435.6
0, 63, 2, 31, 1, 1, 8, 0, 2.25, 16.8
0, 58, 4, 96, 1, 2, 58, 0, 12.5, 710.8
0, 24, 5, 24, 1, 3, 16, 0, 9.4, 124.2
1, 33, 1, 53, 0, 2, 33, 0, 5.05, 145.85
1, 25, 1, 18, 0, 1, 39, 0, 6.75, 242.7
0, 51, 2, 43, 0, 4, 62, 1, 27.15, 1632.4
0, 34, 1, 104, 0, 3, 50, 1, 27.5, 1444.45
0, 55, 1, 26, 0, 1, 48, 0, 12.15, 606.1
1, 62, 1, 56, 0, 2, 31, 0, 4.3, 123.5
0, 33, 5, 49, 1, 2, 65, 0, 42.9, 2706.8
1, 58, 1, 80, 0, 1, 36, 0, 8.5, 298.25
1, 46, 1, 318, 0, 3, 61, 0, 28.9, 1796.7
0, 42, 1, 35, 0, 4, 48, 0, 12.9, 589.35
0, 45, 1, 29, 0, 1, 35, 0, 8.4, 300.35
0, 28, 5, 43, 0, 5, 51, 1, 11.15, 623
0, 51, 2, 80, 1, 5, 49, 1, 5.75, 285.4
1, 39, 3, 30, 1, 3, 35, 0, 6.85, 224.85
1, 70, 1, 9, 0, 3, 58, 0, 23.3, 1384.45
0, 35, 5, 23, 1, 2, 23, 0, 6.7, 153.9
1, 39, 2, 58, 1, 4, 26, 0, 8.65, 210.6
1, 37, 4, 52, 1, 1, 38, 0, 12.2, 532.55
1, 66, 2, 14, 1, 3, 35, 0, 4.7, 202.5
1, 50, 1, 110, 0, 2, 37, 0, 9.65, 364.05
0, 43, 2, 60, 1, 2, 48, 0, 15.5, 719.7
0, 43, 5, 123, 1, 3, 13, 1, 3.85, 55.05
0, 63, 2, 15, 1, 5, 72, 0, 20.6, 1547.45
1, 27, 2, 47, 0, 4, 30, 0, 10.75, 296.9
1, 43, 1, 138, 0, 4, 24, 0, 6.65, 130.6
0, 51, 2, 359, 1, 3, 25, 0, 5.75, 163.75
0, 52, 1, 214, 0, 3, 50, 1, 11.5, 610.35
0, 40, 1, 64, 0, 1, 28, 0, 6, 167.65
0, 51, 1, 50, 0, 4, 34, 1, 16.15, 531.35
0, 32, 1, 88, 0, 3, 48, 0, 6.15, 307.65
1, 36, 2, 86, 1, 2, 42, 0, 9.8, 436.45
1, 65, 2, 17, 1, 1, 67, 0, 21.7, 1384.05
0, 41, 3, 25, 1, 2, 17, 1, 6.45, 114.3
0, 38, 2, 46, 1, 2, 29, 1, 8.35, 248.6
1, 61, 1, 361, 0, 1, 66, 0, 12.75, 782
1, 21, 1, 18, 0, 3, 1, 1, 2.7, 2.7
0, 33, 3, 14, 1, 4, 28, 1, 4.55, 145.95
0, 35, 2, 34, 1, 3, 15, 1, 5.15, 110.55
1, 64, 1, 9, 0, 2, 12, 1, 3.8, 52.85
1, 49, 1, 39, 0, 2, 48, 0, 7, 399.75
0, 25, 4, 18, 1, 3, 59, 0, 20.1, 1251.4
0, 26, 2, 25, 1, 4, 8, 1, 3.15, 29.9
1, 52, 1, 46, 0, 5, 45, 1, 9.4, 402.1
1, 39, 4, 94, 1, 4, 25, 0, 3.95, 95.2
0, 44, 2, 26, 1, 3, 21, 0, 7.55, 160.65
1, 68, 3, 335, 1, 1, 17, 0, 3.55, 70.25
0, 45, 1, 25, 0, 3, 41, 1, 7.8, 370.8
1, 45, 2, 99, 1, 3, 13, 0, 8.7, 103.4
1, 26, 5, 30, 1, 2, 1, 1, 1.05, 1.05
1, 31, 3, 35, 1, 2, 3, 1, 4.35, 11
1, 27, 2, 51, 1, 5, 23, 0, 3.9, 94.95
0, 42, 1, 49, 0, 3, 26, 1, 3.5, 82.3
0, 51, 3, 54, 1, 1, 37, 0, 9.55, 323.65
0, 30, 1, 46, 0, 4, 5, 1, 4.3, 17.55
1, 27, 3, 91, 1, 4, 32, 1, 5.5, 189.05
0, 22, 2, 23, 0, 4, 12, 0, 4.05, 33.75
0, 54, 2, 345, 1, 1, 72, 0, 75.45, 5464.6
1, 25, 2, 45, 1, 4, 3, 1, 3, 9.15
0, 43, 1, 53, 0, 2, 54, 0, 14.35, 775.9
1, 26, 1, 14, 0, 2, 26, 1, 7.8, 204.25
1, 36, 1, 67, 0, 5, 14, 0, 14.05, 187.4
0, 51, 1, 49, 0, 3, 22, 1, 9, 150.7
1, 47, 4, 37, 1, 1, 65, 0, 19.05, 1174.6
0, 45, 1, 33, 0, 1, 26, 0, 9.6, 285.35
1, 37, 4, 46, 0, 3, 20, 1, 4.9, 91.55
0, 60, 4, 93, 1, 1, 67, 1, 18.85, 1200.7
0, 55, 1, 48, 0, 2, 34, 0, 4.25, 143.35
0, 54, 3, 183, 1, 2, 37, 0, 7.3, 257.6
0, 23, 4, 16, 1, 1, 22, 0, 5.4, 120.4
0, 69, 1, 11, 0, 2, 5, 0, 6.65, 35.2
1, 31, 3, 42, 1, 4, 28, 0, 12.25, 373.8
1, 41, 4, 67, 1, 4, 20, 0, 7.25, 149.1
0, 41, 1, 181, 0, 4, 72, 1, 27.3, 1963.95
0, 43, 1, 53, 0, 4, 30, 1, 7, 232.9
0, 52, 1, 172, 0, 2, 71, 0, 49.25, 3599.3
0, 44, 1, 87, 0, 2, 56, 0, 14.75, 822.25
0, 29, 2, 21, 1, 5, 8, 0, 4.15, 39.7
1, 65, 1, 9, 0, 2, 32, 1, 6.25, 201.35
1, 47, 2, 144, 0, 3, 46, 0, 3.5, 179.95
0, 45, 3, 117, 1, 4, 60, 1, 12.4, 755.7
1, 32, 6, 59, 1, 4, 42, 0, 16.7, 681.5
0, 60, 4, 508, 1, 4, 71, 0, 23.55, 1665.6
1, 63, 2, 222, 1, 2, 72, 0, 81.55, 5988.5
1, 66, 1, 87, 0, 3, 45, 0, 6.05, 306.9
0, 31, 1, 34, 0, 1, 5, 0, 1.6, 6.15
1, 38, 4, 18, 1, 4, 17, 0, 8.55, 162.25
0, 55, 1, 65, 0, 3, 70, 0, 26.7, 1874.25
1, 57, 2, 130, 1, 3, 57, 1, 13.55, 849
1, 33, 1, 44, 0, 3, 20, 1, 6.4, 124.45
0, 52, 3, 63, 1, 1, 72, 0, 41.95, 3114.75
0, 50, 1, 57, 0, 4, 32, 0, 4.6, 123
1, 57, 2, 264, 1, 1, 22, 0, 3, 68.35
0, 24, 2, 28, 0, 1, 6, 0, 4.4, 35.1
1, 23, 6, 26, 1, 3, 32, 0, 11, 325
0, 33, 1, 38, 0, 4, 38, 1, 10.95, 412.8
1, 35, 1, 59, 0, 3, 53, 0, 16.85, 888.45
1, 76, 1, 117, 0, 4, 37, 0, 7.5, 273.7
1, 35, 2, 70, 1, 4, 47, 1, 10.75, 551
0, 59, 1, 104, 0, 2, 69, 0, 16, 1120.75
1, 56, 1, 71, 0, 3, 63, 0, 18.4, 1162.9
1, 34, 3, 70, 1, 3, 61, 1, 18.85, 1230.7
0, 38, 2, 56, 1, 4, 56, 1, 25.1, 1418.35
0, 57, 2, 68, 1, 1, 40, 0, 13.35, 572.4
1, 45, 1, 80, 0, 2, 61, 0, 18.1, 1114.75
0, 26, 6, 21, 0, 4, 16, 1, 3.55, 56.85
1, 43, 1, 69, 0, 3, 7, 0, 4.45, 36.85
1, 31, 2, 39, 1, 2, 20, 0, 7.75, 148.75
0, 38, 4, 90, 0, 2, 35, 1, 6.8, 245.95
1, 37, 2, 64, 1, 5, 60, 0, 14.85, 978.35
0, 25, 1, 28, 0, 2, 47, 1, 7.75, 315.9
1, 28, 6, 24, 1, 2, 33, 1, 7.5, 224.25
0, 34, 1, 44, 0, 2, 12, 0, 4.05, 48.85
1, 31, 2, 32, 0, 4, 10, 1, 5.4, 60.15
1, 33, 3, 52, 1, 4, 69, 0, 29.95, 2142.8
1, 20, 1, 15, 0, 3, 23, 0, 7.5, 199.65
0, 31, 2, 46, 0, 3, 53, 0, 27.1, 1408.35
1, 57, 2, 107, 1, 2, 60, 0, 17.55, 1035.2
0, 33, 1, 56, 0, 2, 33, 0, 13.45, 470.9
1, 40, 4, 40, 1, 4, 67, 1, 24.35, 1585.85
0, 38, 3, 56, 1, 3, 15, 0, 5.4, 76.75
1, 31, 4, 46, 1, 2, 64, 1, 24.15, 1546.55
0, 49, 2, 51, 1, 2, 46, 0, 7.25, 329.95
0, 60, 3, 12, 1, 1, 72, 0, 53.75, 3776.1
0, 43, 3, 34, 1, 5, 61, 1, 25.05, 1541.9
1, 27, 5, 27, 0, 2, 54, 1, 12.4, 660.85
1, 36, 1, 42, 0, 3, 28, 0, 12.9, 363.65
0, 38, 3, 119, 0, 5, 28, 1, 5.05, 141.95
1, 43, 1, 146, 0, 1, 32, 0, 18.3, 546.35
1, 46, 3, 51, 0, 2, 52, 0, 12.5, 638.7
1, 62, 1, 86, 0, 1, 48, 1, 16.35, 729.3
1, 42, 2, 27, 1, 3, 52, 0, 19.65, 1008.8
0, 43, 1, 38, 0, 3, 37, 0, 8.1, 289.75
0, 52, 3, 928, 0, 3, 41, 0, 7.65, 344
1, 27, 3, 21, 1, 2, 43, 0, 12.65, 558.85
1, 60, 1, 24, 0, 1, 67, 0, 25.1, 1659.1
1, 52, 2, 91, 1, 1, 61, 0, 13.8, 840.15
1, 39, 4, 38, 1, 2, 70, 0, 30.3, 2201
1, 32, 4, 96, 1, 4, 44, 1, 5.25, 213.45
0, 45, 1, 96, 0, 3, 46, 1, 10.95, 504.3
0, 34, 1, 54, 0, 3, 39, 0, 6.5, 265.45
1, 59, 1, 1668, 0, 4, 39, 0, 8.2, 303.95
1, 29, 4, 53, 1, 4, 50, 0, 13.2, 593.35
1, 31, 2, 21, 0, 3, 5, 1, 2.6, 16.1
1, 34, 1, 52, 0, 5, 10, 1, 4.3, 47.45
1, 69, 1, 17, 0, 3, 72, 0, 38.2, 2751.65
1, 60, 1, 262, 0, 2, 68, 0, 31.6, 2112.25
1, 28, 1, 34, 0, 5, 58, 1, 19.9, 1144.6
1, 44, 7, 107, 1, 1, 18, 0, 2.25, 41.8
1, 45, 2, 67, 1, 5, 65, 0, 9.85, 671.2
0, 45, 1, 37, 0, 4, 8, 1, 4.65, 64.45
1, 20, 2, 21, 0, 2, 1, 1, 0.9, 0.9
1, 58, 1, 22, 0, 1, 42, 0, 3.6, 166.75
1, 25, 5, 71, 1, 3, 4, 1, 3.6, 14.95
1, 35, 1, 77, 0, 3, 17, 0, 8.1, 144.4
1, 24, 5, 18, 1, 4, 8, 1, 2.95, 16.8
1, 37, 2, 50, 1, 2, 49, 0, 4.2, 243.1
0, 46, 2, 33, 1, 4, 56, 1, 22.7, 1257.4
0, 57, 2, 94, 1, 1, 62, 1, 11.95, 757.6
1, 57, 4, 209, 1, 1, 42, 0, 9.45, 383.45
0, 32, 2, 31, 0, 4, 13, 0, 5.05, 64.85
0, 46, 4, 66, 1, 2, 69, 0, 21.85, 1589.1
0, 59, 2, 51, 0, 1, 45, 0, 5.95, 236.3
0, 42, 2, 118, 1, 2, 66, 0, 26.8, 1774.75
0, 35, 1, 25, 0, 2, 15, 1, 4.75, 41.4
1, 44, 3, 59, 1, 3, 41, 1, 12.1, 479.95
1, 20, 1, 20, 0, 2, 11, 1, 4.75, 48
0, 30, 4, 63, 1, 5, 45, 1, 7.1, 314.8
0, 62, 1, 36, 0, 4, 52, 0, 13.35, 709.25
1, 56, 1, 72, 0, 4, 42, 1, 8, 336.9
0, 35, 3, 50, 0, 1, 48, 0, 12.85, 622.75
0, 31, 2, 39, 0, 2, 4, 1, 4.9, 19.65
1, 64, 2, 54, 1, 2, 53, 1, 9.65, 483.55
0, 59, 1, 9, 0, 1, 1, 0, 3.8, 3.8
0, 30, 3, 33, 1, 4, 19, 1, 4.05, 79.45
0, 30, 1, 28, 0, 1, 33, 0, 7.4, 246.55
0, 36, 3, 44, 1, 2, 42, 0, 7, 321.95
1, 32, 2, 34, 0, 4, 60, 0, 23.95, 1513
1, 51, 3, 68, 1, 4, 57, 0, 16.05, 930.4
0, 39, 1, 37, 0, 1, 64, 0, 10.2, 640.75
0, 20, 3, 18, 1, 3, 28, 1, 7.7, 190.05
0, 35, 4, 55, 1, 2, 29, 0, 15.65, 477.95
0, 31, 5, 21, 1, 1, 46, 0, 8.95, 369.95
0, 41, 4, 29, 1, 3, 22, 0, 12.75, 274.85
0, 56, 2, 9, 0, 2, 10, 0, 3.2, 36.9
1, 41, 1, 138, 0, 2, 50, 1, 12.35, 585.05
1, 65, 1, 28, 0, 4, 55, 0, 18.6, 1007.3
0, 54, 1, 62, 0, 1, 15, 0, 3.15, 54.25
1, 32, 3, 37, 1, 3, 31, 0, 4.6, 140.55
1, 44, 1, 83, 0, 1, 5, 0, 4.65, 12.3
1, 63, 2, 168, 0, 1, 69, 0, 14.5, 1020.3
0, 27, 6, 33, 1, 4, 26, 1, 5.85, 114.55
1, 33, 4, 66, 1, 3, 10, 0, 7.1, 59.3
0, 30, 3, 18, 0, 4, 26, 0, 7.25, 171.85
1, 30, 1, 20, 0, 1, 25, 0, 8.55, 215.95
0, 23, 4, 19, 1, 3, 30, 1, 7.9, 253.05
0, 39, 4, 25, 1, 2, 21, 0, 8.5, 175.3
1, 46, 1, 119, 0, 5, 71, 1, 42.85, 3080.85
0, 48, 4, 323, 1, 4, 11, 0, 5.25, 48.5
1, 30, 2, 45, 1, 1, 24, 0, 6, 134.7
0, 59, 2, 197, 1, 4, 65, 1, 45.4, 2973.55
1, 34, 3, 56, 1, 3, 16, 0, 9.35, 157
0, 51, 2, 24, 1, 4, 37, 1, 8.2, 288.4
0, 30, 1, 25, 0, 3, 5, 0, 2.4, 25.45
1, 55, 2, 26, 1, 5, 3, 1, 6.4, 22.4
0, 32, 2, 33, 0, 4, 5, 1, 3.2, 24.55
0, 44, 2, 150, 1, 2, 60, 1, 20, 1207.3
1, 37, 3, 99, 1, 2, 19, 1, 8, 142.05
1, 40, 2, 50, 0, 4, 54, 1, 22.8, 1266.1
1, 41, 4, 81, 0, 3, 25, 0, 7.4, 193.65
0, 36, 2, 21, 0, 1, 1, 1, 1.35, 1.35
1, 68, 1, 273, 0, 3, 54, 1, 18.35, 1003.2
1, 31, 7, 39, 1, 3, 14, 0, 4.4, 60.65
0, 28, 4, 17, 1, 2, 14, 1, 5.8, 86.75
1, 45, 4, 115, 1, 3, 10, 1, 5.7, 52.95
1, 23, 3, 27, 0, 2, 7, 0, 3.65, 21
0, 45, 1, 35, 0, 1, 33, 0, 5.65, 205.75
0, 23, 1, 20, 0, 2, 3, 1, 4.65, 11.2
0, 58, 3, 92, 1, 1, 56, 0, 8.25, 476.7
1, 56, 1, 207, 0, 2, 54, 0, 9, 464.65
0, 55, 5, 40, 1, 1, 72, 0, 34.25, 2472.65
0, 29, 1, 40, 0, 2, 18, 0, 9.5, 196.2
0, 29, 1, 55, 0, 4, 25, 1, 5.25, 147.95
1, 62, 1, 26, 0, 1, 42, 1, 8.75, 337.75
0, 37, 1, 41, 0, 2, 4, 0, 2.8, 5.3
0, 50, 2, 203, 1, 4, 12, 1, 4.95, 71.5
1, 64, 2, 380, 1, 2, 53, 0, 12.85, 687.9
0, 38, 7, 104, 1, 4, 13, 1, 10.25, 160.4
0, 31, 4, 24, 1, 3, 18, 1, 12.15, 202.2
1, 42, 5, 81, 1, 3, 67, 0, 24.4, 1701
0, 24, 1, 17, 0, 1, 6, 0, 3.25, 29.25
1, 46, 1, 45, 0, 1, 25, 0, 5.4, 155
0, 39, 1, 32, 0, 2, 15, 1, 3.45, 44.45
0, 35, 1, 57, 0, 4, 32, 0, 8.6, 259.3
0, 39, 1, 63, 0, 4, 22, 1, 6.2, 121.7
0, 22, 1, 25, 0, 4, 8, 0, 8, 61.55
0, 31, 2, 22, 1, 1, 3, 1, 3.4, 7.6
0, 54, 1, 155, 0, 2, 32, 0, 16.35, 528.5
0, 54, 1, 30, 0, 2, 49, 0, 15.5, 754.8
1, 28, 1, 46, 0, 3, 2, 1, 3.45, 6.55
1, 47, 2, 68, 0, 4, 39, 1, 8.3, 308.55
0, 33, 2, 67, 0, 2, 42, 0, 6.7, 270.2
0, 36, 1, 69, 0, 3, 28, 1, 6.05, 153.05
0, 46, 5, 47, 1, 2, 41, 0, 6.3, 279.7
0, 50, 2, 83, 1, 2, 67, 1, 29.45, 1921.55
1, 40, 1, 34, 0, 2, 38, 0, 4.25, 157.6
1, 38, 4, 45, 0, 2, 18, 1, 2.7, 45.6
1, 42, 2, 29, 1, 2, 6, 0, 4.3, 13.4
1, 36, 3, 21, 0, 2, 4, 0, 3.3, 22.1
1, 23, 4, 30, 1, 3, 13, 0, 5.15, 53.5
0, 35, 1, 78, 0, 4, 20, 1, 5.5, 97.15
1, 49, 2, 61, 1, 3, 34, 0, 12.65, 414.9
0, 29, 4, 90, 1, 5, 46, 0, 16.85, 736.45
0, 41, 1, 43, 0, 2, 48, 0, 19.5, 887.7
0, 61, 2, 301, 1, 2, 69, 0, 26.05, 1738.15
0, 34, 4, 32, 1, 2, 32, 0, 9.25, 285.75
0, 29, 2, 41, 0, 2, 29, 1, 4.75, 112
1, 52, 3, 127, 0, 1, 55, 1, 7.05, 400.55
1, 60, 2, 271, 1, 1, 72, 0, 21.7, 1580.4
1, 26, 1, 32, 0, 3, 29, 0, 3.4, 111.5
1, 25, 5, 36, 1, 4, 50, 1, 13.05, 682.2
0, 50, 2, 293, 1, 3, 35, 1, 12.25, 416.4
0, 63, 1, 41, 0, 3, 11, 1, 4.15, 46.35
1, 29, 1, 39, 0, 3, 9, 1, 4.2, 22
0, 48, 1, 58, 0, 1, 51, 0, 19.2, 964.85
1, 34, 3, 28, 1, 1, 33, 0, 13.4, 438.9
0, 20, 2, 15, 0, 2, 25, 0, 10.7, 296.75
1, 34, 4, 105, 0, 4, 31, 0, 6.45, 182.35
1, 40, 2, 80, 1, 4, 67, 1, 33.05, 2225.15
0, 45, 3, 36, 0, 2, 55, 0, 25.65, 1423
1, 50, 1, 112, 0, 4, 19, 1, 7.15, 160.2
1, 34, 4, 55, 1, 4, 39, 0, 18.45, 742.5
0, 35, 2, 40, 1, 4, 52, 0, 10.75, 546.65
1, 37, 5, 23, 1, 2, 55, 0, 12.95, 716.25
1, 62, 1, 28, 0, 4, 25, 1, 8.3, 160.4
1, 58, 1, 21, 0, 2, 33, 0, 8.8, 264.05
0, 35, 2, 63, 0, 4, 48, 0, 13.4, 560.55
0, 31, 3, 52, 1, 4, 48, 1, 8.15, 364.8
1, 57, 3, 189, 0, 1, 49, 0, 11, 476.15
0, 32, 3, 50, 1, 1, 54, 0, 18.15, 958.7
0, 32, 4, 23, 1, 1, 45, 0, 9.85, 469.1
1, 37, 5, 33, 1, 2, 4, 1, 2.45, 19.25
1, 27, 3, 29, 1, 3, 49, 1, 10.4, 476.45
0, 35, 1, 96, 0, 3, 23, 1, 6.4, 160.3
0, 44, 1, 80, 0, 5, 31, 1, 14.05, 465.2
0, 44, 5, 68, 1, 2, 55, 0, 6.6, 350.85
1, 28, 6, 30, 0, 1, 9, 0, 4.2, 47.45
0, 57, 3, 34, 1, 2, 55, 0, 14.6, 785.4
1, 30, 3, 35, 0, 2, 34, 1, 9.05, 333
0, 23, 3, 36, 0, 2, 10, 0, 8.55, 86.05
1, 76, 1, 35, 0, 3, 62, 1, 17.25, 1045.7
0, 36, 2, 62, 0, 3, 51, 0, 5.65, 305.75
0, 48, 1, 94, 0, 1, 65, 0, 10.4, 664.65
0, 33, 2, 60, 0, 1, 53, 0, 17.65, 950.7
0, 35, 1, 118, 0, 2, 23, 1, 7.9, 196.95
0, 30, 3, 135, 0, 4, 1, 1, 1.1, 1.1
1, 55, 1, 80, 0, 2, 66, 0, 14, 938.35
1, 27, 2, 21, 1, 3, 8, 1, 3.65, 38.05
1, 28, 5, 22, 1, 1, 18, 0, 3.15, 55.55
0, 32, 4, 63, 1, 4, 36, 0, 6.2, 229.5
1, 40, 1, 142, 0, 2, 13, 0, 8.45, 109.85
1, 44, 1, 32, 0, 3, 4, 0, 2.1, 6.9
0, 32, 1, 19, 0, 3, 20, 1, 6.85, 106.5
0, 39, 3, 60, 1, 4, 66, 1, 20.15, 1443.75
0, 47, 4, 97, 1, 1, 67, 0, 22.4, 1464.9
1, 24, 4, 31, 1, 2, 11, 1, 5.4, 83.15
1, 26, 2, 30, 0, 3, 6, 0, 6.35, 30.8
1, 23, 4, 31, 1, 1, 13, 1, 4.6, 54.85
1, 29, 6, 44, 1, 2, 2, 1, 2.1, 5.1
0, 40, 1, 38, 0, 2, 4, 0, 8.15, 32.25
1, 63, 2, 23, 1, 2, 34, 1, 14.3, 459.05
0, 34, 4, 37, 1, 3, 13, 0, 6.85, 102.5
0, 40, 5, 26, 1, 2, 37, 1, 18.9, 653.15
0, 30, 6, 38, 1, 2, 45, 0, 12.75, 622.15
1, 70, 1, 153, 0, 3, 71, 0, 30.55, 2291.1
1, 40, 1, 49, 0, 1, 35, 0, 3.4, 107.85
0, 41, 1, 51, 0, 3, 44, 1, 4.95, 203.65
0, 45, 2, 88, 1, 1, 44, 0, 11.9, 524.25
1, 41, 6, 19, 1, 1, 26, 0, 5.45, 165.4
1, 46, 3, 31, 1, 1, 42, 0, 5.9, 277.65
0, 47, 3, 90, 1, 2, 41, 0, 6.7, 251.35
0, 24, 4, 14, 1, 1, 31, 0, 7.2, 231.75
0, 63, 1, 341, 0, 2, 62, 0, 14.6, 912.4
1, 23, 8, 24, 1, 4, 12, 0, 3.2, 35.5
1, 49, 4, 81, 1, 2, 45, 0, 13.85, 583.1
1, 34, 4, 63, 1, 2, 47, 0, 18.95, 880.75
0, 22, 5, 27, 1, 1, 23, 0, 7.9, 210.85
1, 34, 1, 20, 0, 5, 39, 1, 9.55, 375.4
0, 26, 2, 48, 0, 3, 19, 0, 7.55, 156.15
0, 54, 1, 121, 0, 4, 13, 0, 7.3, 102.4
0, 33, 3, 39, 0, 3, 5, 1, 2.1, 5.2
0, 19, 1, 21, 0, 2, 11, 1, 3.6, 35.4
0, 32, 1, 53, 0, 4, 4, 1, 7, 29.2
0, 42, 1, 58, 0, 1, 17, 0, 5.05, 85.05
0, 27, 1, 39, 0, 3, 7, 0, 3.55, 19.7
0, 65, 3, 108, 0, 1, 19, 0, 5.95, 117.55
0, 34, 4, 38, 1, 1, 32, 1, 7.35, 217.45
0, 51, 1, 245, 0, 4, 53, 0, 18.45, 961.75
1, 38, 1, 51, 0, 1, 51, 0, 11.7, 577.1
1, 34, 1, 78, 0, 4, 35, 0, 13.9, 556.2
0, 31, 5, 23, 1, 4, 3, 1, 2.8, 8.2
0, 48, 1, 88, 0, 4, 22, 0, 4.5, 92.65
1, 21, 3, 25, 1, 2, 17, 1, 6.1, 89.6
1, 39, 1, 73, 0, 2, 68, 0, 44.95, 3002.2
1, 41, 2, 62, 1, 4, 27, 0, 13.7, 371.35
1, 52, 4, 456, 1, 3, 68, 0, 22.25, 1549.95
0, 42, 2, 24, 1, 2, 56, 0, 33.65, 1871.2
1, 32, 1, 23, 0, 2, 11, 1, 6.2, 82.6
1, 47, 1, 46, 0, 1, 5, 0, 2.95, 21.55
1, 50, 3, 263, 0, 2, 16, 1, 3.75, 59.75
1, 30, 1, 34, 0, 4, 59, 0, 16.7, 1020.35
0, 64, 1, 33, 0, 2, 60, 1, 30.75, 1829.4
0, 47, 1, 37, 0, 1, 55, 0, 14.75, 786.2
0, 56, 1, 296, 0, 2, 18, 0, 3.4, 49.7
1, 22, 3, 26, 0, 3, 16, 1, 4.1, 64.95
0, 57, 2, 47, 1, 4, 35, 0, 7.25, 263.55
1, 23, 2, 31, 1, 3, 31, 1, 16.6, 520.4
1, 49, 2, 264, 1, 2, 20, 0, 9.6, 159.2
1, 27, 1, 41, 0, 4, 16, 1, 6.9, 100.9
0, 48, 2, 55, 1, 2, 69, 0, 19.6, 1411.7
0, 66, 2, 49, 1, 2, 69, 0, 23.1, 1566.8
1, 24, 4, 26, 1, 1, 27, 0, 6.05, 137.7
0, 39, 1, 110, 0, 4, 48, 0, 18.05, 812.65
1, 52, 2, 66, 1, 1, 18, 0, 12.8, 204.95
1, 40, 2, 39, 1, 3, 24, 0, 4.05, 117.05
0, 42, 1, 31, 0, 2, 17, 1, 8.25, 140.85
1, 24, 3, 26, 1, 4, 9, 0, 7.65, 75.25
1, 46, 2, 232, 0, 4, 15, 1, 4.3, 41.35
1, 37, 3, 43, 1, 4, 62, 0, 9.2, 539.65
0, 41, 1, 39, 0, 4, 9, 1, 4.7, 26.3
1, 41, 2, 73, 1, 2, 71, 0, 32.65, 2412.6
0, 59, 2, 74, 1, 1, 62, 0, 16.1, 972
0, 38, 1, 237, 0, 4, 20, 0, 6, 164.2
0, 33, 5, 22, 1, 1, 19, 0, 3.95, 79.6
0, 61, 2, 21, 1, 1, 49, 0, 15.85, 757.4
0, 64, 1, 9, 0, 2, 3, 0, 4.95, 14.8
0, 36, 1, 41, 0, 5, 33, 1, 4.15, 93.25
1, 44, 1, 50, 0, 4, 38, 1, 7.15, 277.5
1, 48, 3, 27, 1, 3, 42, 1, 16.5, 692.2
0, 26, 1, 53, 0, 3, 11, 1, 4.15, 34.7
0, 28, 2, 58, 1, 3, 27, 0, 5.8, 163.65
1, 50, 1, 151, 0, 4, 23, 0, 8.25, 186.5
0, 38, 2, 54, 1, 2, 4, 0, 4.75, 21.75
1, 42, 1, 31, 0, 1, 36, 0, 10.05, 373.75
1, 42, 1, 115, 0, 1, 37, 0, 15.1, 494.45
0, 58, 2, 24, 1, 1, 24, 0, 7.65, 177.4
0, 24, 3, 17, 0, 2, 4, 0, 3.2, 9.9
1, 33, 2, 47, 0, 2, 54, 0, 13.9, 732.2
1, 49, 1, 36, 0, 1, 7, 0, 8.85, 77
0, 28, 1, 75, 0, 4, 10, 1, 6.2, 45.95
1, 35, 2, 41, 1, 5, 24, 1, 3.3, 88.65
0, 31, 1, 18, 0, 4, 12, 1, 3.7, 48.55
1, 54, 1, 171, 0, 3, 45, 0, 9.05, 385.2
1, 55, 2, 42, 1, 3, 59, 0, 8.95, 492.35
1, 21, 4, 36, 1, 3, 3, 0, 3.2, 13.55
0, 35, 1, 31, 0, 5, 8, 1, 4.4, 34.65
1, 59, 2, 207, 0, 2, 16, 1, 7.45, 112.8
1, 33, 1, 38, 0, 1, 32, 0, 7.3, 231.45
1, 49, 1, 134, 0, 4, 8, 1, 3, 36.2
0, 28, 3, 28, 1, 3, 9, 1, 4.5, 36.45
1, 19, 4, 15, 1, 2, 12, 0, 5.85, 102.45
0, 43, 6, 48, 1, 4, 24, 1, 14.4, 339.55
1, 75, 1, 14, 0, 2, 72, 0, 37.3, 2686.25
1, 61, 1, 101, 0, 4, 58, 0, 16.35, 956.85
0, 44, 3, 87, 1, 2, 70, 0, 18.9, 1399.3
1, 25, 1, 27, 0, 1, 9, 0, 12.2, 121.75
1, 25, 1, 27, 0, 5, 49, 1, 9.9, 496.95
0, 54, 1, 59, 0, 3, 52, 0, 15.25, 800.25
1, 42, 6, 294, 1, 4, 10, 1, 4.85, 32.75
0, 52, 2, 44, 1, 3, 14, 0, 4.85, 68.95
0, 27, 6, 35, 1, 2, 19, 0, 5.4, 116.2
1, 36, 4, 205, 1, 4, 12, 1, 5.95, 53.75
1, 59, 1, 732, 0, 3, 65, 1, 10.15, 600.5
0, 40, 2, 59, 1, 3, 67, 0, 27, 1722.5
0, 24, 2, 23, 1, 1, 29, 0, 10.2, 319.65
1, 46, 1, 87, 0, 2, 55, 1, 17.9, 982.9
1, 67, 2, 110, 1, 1, 71, 0, 33.85, 2255.65
1, 44, 3, 83, 1, 3, 5, 0, 4, 32
1, 58, 3, 63, 0, 4, 60, 1, 16.35, 1012.55
1, 40, 1, 22, 0, 3, 10, 0, 5.05, 59.95
0, 64, 1, 43, 0, 3, 52, 0, 12.85, 647.95
0, 43, 3, 35, 1, 2, 61, 1, 21.05, 1264
0, 29, 4, 48, 1, 2, 61, 0, 17.55, 1035.95
0, 47, 3, 69, 1, 3, 67, 0, 49.35, 3235.55
0, 42, 4, 26, 1, 4, 41, 0, 10.95, 482.4
1, 28, 1, 20, 0, 1, 30, 0, 12.4, 369.45
0, 46, 1, 43, 0, 2, 24, 1, 12.05, 307.75
1, 75, 1, 33, 0, 1, 72, 0, 49.3, 3417.4
0, 35, 1, 66, 0, 2, 17, 1, 5.15, 79.05
0, 72, 1, 12, 0, 2, 65, 0, 29.6, 1872.8
0, 30, 5, 90, 1, 2, 15, 1, 7.35, 125.8
1, 33, 1, 35, 0, 3, 34, 0, 7.5, 258.4
1, 43, 1, 51, 0, 5, 26, 0, 7.9, 267.6
1, 45, 1, 117, 0, 3, 36, 1, 10.5, 429.1
1, 48, 1, 100, 0, 2, 60, 0, 24.4, 1567.6
0, 54, 4, 147, 0, 1, 16, 0, 6.95, 98.5
1, 33, 1, 53, 0, 4, 1, 0, 1.95, 1.95
0, 30, 4, 57, 1, 5, 56, 1, 16.85, 948.3
0, 50, 1, 37, 0, 2, 6, 1, 5.35, 38.4
1, 34, 1, 42, 0, 3, 48, 0, 14.15, 678.3
0, 36, 2, 50, 1, 1, 34, 0, 10.2, 326.8
0, 42, 5, 55, 1, 4, 54, 1, 14.3, 695.2
1, 31, 4, 42, 1, 2, 38, 0, 10.8, 407.55
1, 55, 1, 37, 0, 1, 25, 0, 10.95, 302.8
1, 69, 4, 228, 1, 3, 47, 1, 10.8, 464.35
0, 62, 2, 163, 1, 5, 72, 0, 28.35, 2017.6
1, 35, 3, 28, 1, 4, 6, 0, 3.25, 9.35
1, 51, 2, 118, 1, 5, 30, 0, 6.4, 201.4
1, 70, 2, 115, 1, 2, 65, 1, 26.85, 1749.6
0, 44, 2, 37, 1, 4, 22, 0, 14.3, 332.9
0, 53, 1, 93, 0, 1, 60, 0, 13.35, 806.35
1, 32, 1, 71, 0, 4, 19, 1, 5.25, 97.4
1, 25, 3, 26, 0, 2, 18, 0, 3.3, 50.35
1, 37, 6, 14, 1, 4, 9, 0, 2.4, 22.6
1, 34, 2, 18, 1, 1, 1, 0, 1.6, 1.6
1, 28, 3, 36, 1, 4, 10, 1, 6.3, 67.5
0, 34, 4, 43, 1, 4, 45, 1, 6.55, 315.2
1, 28, 4, 41, 1, 4, 25, 1, 5.8, 138.85
1, 39, 1, 66, 0, 2, 66, 0, 11.6, 785.7
1, 67, 1, 33, 0, 4, 27, 0, 3.6, 136.9
0, 41, 1, 53, 0, 4, 19, 0, 6.45, 157.3
0, 41, 6, 28, 1, 4, 17, 0, 1.8, 27.1
0, 36, 1, 58, 0, 4, 16, 1, 4.85, 89.95
1, 42, 3, 129, 1, 4, 8, 1, 6.1, 63.8
1, 25, 1, 65, 0, 4, 3, 1, 3.3, 5.9
1, 57, 1, 311, 0, 3, 59, 0, 28.75, 1719.2
1, 37, 1, 57, 0, 3, 45, 1, 10.8, 508.8
1, 62, 1, 47, 0, 2, 66, 0, 34.25, 2298.25
0, 50, 2, 25, 1, 1, 28, 0, 14.85, 378.85
0, 38, 3, 46, 1, 5, 15, 0, 3.85, 56.3
1, 34, 4, 51, 1, 3, 39, 0, 7.9, 304.45
1, 33, 2, 19, 0, 2, 38, 0, 8.5, 323.85
1, 29, 2, 26, 0, 3, 34, 1, 6.75, 195.2
0, 57, 2, 72, 1, 5, 60, 1, 20.35, 1263.9
1, 65, 4, 71, 1, 1, 72, 0, 53.65, 4036.9
0, 42, 8, 41, 1, 2, 42, 0, 15, 597.2
0, 37, 1, 44, 0, 2, 32, 1, 11.25, 359.35
1, 50, 2, 208, 1, 4, 48, 1, 12.9, 652.9
1, 37, 6, 45, 1, 4, 63, 1, 14.95, 974.15
0, 27, 4, 39, 1, 3, 45, 0, 13.45, 583.9
0, 42, 1, 89, 0, 4, 68, 1, 25.6, 1759.6
1, 29, 2, 19, 1, 2, 6, 0, 4.2, 25.25
1, 57, 2, 15, 1, 2, 68, 1, 16.1, 1120.35
1, 68, 2, 59, 1, 2, 72, 0, 58.65, 4219.1
1, 38, 4, 20, 1, 3, 53, 1, 12.05, 547.05
0, 51, 3, 27, 1, 4, 20, 1, 9.05, 182.95
0, 35, 3, 48, 1, 2, 70, 0, 43.6, 3040.8
1, 47, 1, 135, 0, 2, 32, 0, 10.5, 353
0, 52, 2, 19, 1, 1, 61, 0, 18.2, 1037.65
0, 25, 3, 28, 1, 4, 24, 1, 10.6, 267.3
1, 61, 2, 12, 1, 1, 56, 0, 16.85, 881.65
0, 59, 1, 28, 0, 2, 54, 0, 10.7, 638.55
1, 38, 3, 18, 1, 3, 43, 0, 9.4, 411.15
1, 35, 1, 58, 0, 3, 19, 0, 3.65, 65.15
1, 43, 1, 72, 0, 3, 5, 0, 5.55, 23.9
1, 61, 4, 112, 1, 4, 24, 1, 8.2, 210.25
1, 35, 2, 28, 1, 2, 62, 0, 18.45, 1152.7
1, 40, 1, 398, 0, 5, 14, 1, 6.4, 71
1, 48, 3, 106, 1, 3, 60, 0, 13.05, 760.95
1, 74, 2, 10, 1, 1, 30, 0, 7.25, 225.3
0, 42, 4, 108, 1, 3, 40, 1, 4.95, 205.65
1, 50, 4, 85, 1, 2, 42, 0, 14.3, 567.95
1, 34, 1, 51, 0, 3, 20, 0, 5.65, 126.4
1, 22, 3, 22, 1, 2, 4, 0, 2.25, 8
1, 49, 4, 66, 1, 2, 44, 0, 4.25, 184.9
0, 63, 1, 10, 0, 2, 49, 0, 13.9, 668.95
1, 36, 2, 34, 1, 1, 5, 0, 3.5, 14.2
0, 50, 4, 67, 1, 1, 70, 0, 51.9, 3438.4
0, 57, 4, 19, 1, 1, 30, 0, 7.25, 200.1
1, 48, 1, 128, 0, 4, 28, 1, 10, 313.05
0, 28, 6, 39, 1, 5, 5, 0, 4.7, 30.75
1, 35, 1, 56, 0, 1, 27, 1, 8.25, 202.55
1, 39, 1, 45, 0, 4, 17, 1, 8.65, 133.1
1, 37, 5, 25, 1, 1, 4, 0, 2.5, 9.15
1, 23, 4, 24, 1, 2, 30, 0, 13.35, 397.4
1, 40, 2, 53, 1, 4, 71, 0, 10.15, 781.7
1, 77, 1, 49, 0, 1, 67, 0, 25.35, 1692
1, 48, 2, 38, 1, 1, 24, 0, 5.55, 133.4
1, 54, 2, 84, 1, 3, 24, 1, 11.45, 288.05
1, 54, 1, 126, 0, 1, 59, 0, 13.6, 796.4
0, 32, 1, 73, 0, 4, 59, 1, 29.2, 1726.6
1, 37, 6, 41, 1, 4, 44, 1, 9.15, 387.95
0, 31, 3, 22, 1, 4, 19, 0, 4.85, 88.9
1, 46, 2, 23, 1, 1, 58, 0, 11.1, 620.75
0, 53, 2, 94, 1, 2, 41, 0, 12.65, 488.15
0, 33, 4, 30, 0, 3, 16, 0, 9.25, 138.5
0, 36, 1, 31, 0, 2, 13, 0, 2.3, 30.5
1, 53, 1, 171, 0, 1, 60, 0, 9.9, 608.65
1, 49, 6, 102, 1, 1, 72, 0, 41.15, 3098.55
1, 39, 1, 27, 0, 4, 33, 1, 9.7, 294.8
1, 45, 2, 98, 1, 4, 72, 0, 30.25, 2182.65
1, 54, 2, 591, 1, 4, 66, 0, 25, 1636.25
1, 37, 6, 25, 1, 1, 53, 0, 5.4, 291.5
0, 28, 4, 36, 1, 4, 22, 1, 9.7, 220.75
1, 26, 3, 25, 1, 2, 14, 0, 4.4, 71.2
1, 49, 2, 69, 0, 2, 52, 0, 18.35, 893.25
0, 30, 2, 22, 1, 1, 33, 0, 5.55, 211.05
1, 66, 1, 67, 0, 2, 72, 0, 39.1, 2743.65
1, 40, 4, 73, 1, 4, 40, 0, 10, 376.6
1, 26, 1, 22, 0, 4, 29, 1, 6.1, 175.3
0, 67, 1, 9, 0, 2, 63, 0, 18.05, 1140.2
1, 54, 1, 147, 0, 3, 56, 1, 12.7, 763.1
1, 50, 2, 239, 1, 2, 60, 0, 21.5, 1377
0, 22, 5, 23, 1, 3, 28, 1, 10.95, 263.95
0, 39, 1, 29, 0, 4, 39, 0, 5.95, 227.85
0, 39, 4, 32, 1, 2, 65, 0, 21.1, 1432.8
1, 31, 1, 30, 0, 3, 29, 0, 7.6, 240.85
1, 36, 2, 57, 0, 2, 28, 0, 9.6, 272.85
0, 18, 1, 20, 0, 2, 2, 0, 3.75, 4.45
1, 52, 3, 248, 0, 2, 67, 0, 35.85, 2368.9
1, 35, 5, 59, 1, 3, 5, 1, 3.1, 21.45
0, 35, 1, 24, 0, 2, 48, 0, 16.95, 874.45
1, 26, 3, 25, 1, 1, 10, 0, 3.7, 38.2
1, 28, 1, 37, 0, 3, 17, 0, 5.5, 84.25
1, 24, 5, 30, 1, 4, 21, 1, 17.8, 374.05
0, 51, 2, 66, 0, 4, 25, 1, 6.45, 140.85
0, 31, 1, 16, 0, 1, 44, 0, 14.4, 632.95
1, 49, 2, 429, 0, 4, 59, 1, 10.2, 592.2
0, 26, 1, 20, 0, 2, 11, 0, 6.95, 84.05
0, 68, 2, 262, 1, 3, 50, 1, 12.4, 601.1
1, 25, 5, 28, 1, 3, 23, 0, 4.15, 94.25
1, 19, 2, 18, 0, 2, 17, 1, 7.1, 120.35
0, 62, 2, 144, 1, 3, 15, 0, 5.25, 81.05
1, 57, 2, 33, 1, 1, 68, 0, 13.5, 901
1, 42, 2, 19, 1, 3, 69, 1, 25.95, 1812.15
1, 24, 5, 30, 1, 1, 30, 0, 6.75, 171.75
0, 30, 1, 41, 0, 2, 22, 0, 6.1, 119.95
1, 20, 4, 20, 1, 2, 10, 0, 5.9, 48.95
1, 59, 6, 65, 1, 3, 72, 0, 34.65, 2519.3
1, 24, 2, 17, 1, 4, 34, 0, 15.25, 522.45
0, 49, 4, 66, 1, 1, 43, 0, 8.6, 376.7
0, 37, 3, 18, 1, 4, 31, 1, 5.2, 151.7
0, 27, 5, 26, 1, 4, 6, 0, 5.6, 30.35
0, 42, 1, 46, 0, 4, 48, 0, 14.45, 618.1
0, 25, 3, 19, 0, 1, 50, 0, 7.25, 356.15
1, 41, 2, 58, 1, 2, 20, 0, 5.25, 98.2
0, 73, 1, 25, 0, 1, 61, 0, 16.65, 965.6
1, 21, 1, 15, 0, 2, 6, 0, 3.65, 19.4
0, 22, 1, 35, 0, 2, 1, 1, 1.65, 1.65
1, 43, 1, 41, 0, 2, 21, 1, 6.15, 118.15
0, 32, 2, 71, 0, 4, 7, 1, 3.6, 19.1
1, 56, 2, 608, 1, 3, 65, 0, 14.55, 964.85
1, 37, 1, 44, 0, 4, 64, 1, 16.15, 965.3
0, 30, 2, 41, 0, 2, 4, 0, 2, 9.9
1, 45, 2, 83, 1, 3, 67, 1, 27, 1724.8
0, 35, 2, 28, 0, 2, 22, 0, 6.6, 180.55
1, 37, 2, 101, 1, 2, 51, 0, 14.95, 736.85
1, 28, 1, 28, 0, 1, 50, 0, 6.4, 330.95
0, 47, 2, 35, 1, 2, 31, 0, 11.95, 390.6
1, 28, 1, 39, 0, 2, 4, 0, 7.1, 23.8
0, 56, 1, 51, 0, 4, 60, 1, 15.25, 873.7
1, 31, 6, 31, 1, 2, 7, 1, 5.05, 38.05
1, 40, 1, 209, 0, 4, 20, 1, 7.2, 172.1
1, 23, 4, 37, 1, 3, 19, 0, 8.4, 136.05
1, 37, 2, 64, 1, 4, 58, 1, 10.8, 634.75
1, 64, 1, 88, 0, 3, 65, 1, 15.1, 1017.9
0, 61, 3, 61, 1, 1, 72, 0, 27.35, 1980.15
0, 42, 1, 66, 0, 3, 8, 1, 1.95, 16.85
0, 40, 2, 19, 1, 3, 33, 0, 5.05, 178.9
1, 34, 5, 42, 1, 2, 18, 0, 6.45, 104.05
0, 31, 5, 41, 1, 2, 24, 0, 8.5, 196.8
1, 36, 1, 50, 0, 1, 70, 0, 20.55, 1407.15
0, 38, 1, 70, 0, 4, 7, 1, 3.85, 26.65
1, 59, 1, 85, 0, 1, 70, 0, 38.9, 2711
1, 48, 2, 45, 1, 3, 20, 0, 10.7, 192.15
0, 32, 2, 27, 1, 1, 54, 0, 33.95, 1801.3
0, 48, 1, 29, 0, 1, 36, 0, 6, 222.8
1, 53, 2, 48, 1, 4, 71, 0, 34.95, 2506.05
0, 41, 1, 32, 0, 2, 17, 0, 12.6, 208
0, 45, 3, 43, 1, 1, 18, 0, 4.45, 78.65
1, 27, 1, 16, 0, 5, 16, 1, 5.45, 102.75
1, 30, 2, 22, 1, 2, 38, 1, 5.6, 215.05
1, 45, 3, 40, 1, 3, 52, 1, 8.45, 512.65
0, 48, 6, 256, 1, 3, 46, 0, 13.8, 612.55
0, 46, 1, 144, 0, 4, 31, 1, 7.6, 271.55
0, 31, 2, 45, 0, 4, 23, 1, 5, 119.5
1, 56, 3, 34, 1, 2, 38, 0, 7.8, 272.75
1, 54, 1, 248, 0, 3, 50, 0, 11.05, 497.9
0, 49, 1, 41, 0, 2, 16, 0, 4.1, 62.45
1, 34, 2, 27, 1, 4, 14, 1, 6.05, 90.2
1, 52, 1, 17, 0, 3, 30, 0, 10.3, 367.4
1, 47, 3, 44, 1, 4, 22, 1, 9, 194.55
0, 55, 4, 135, 1, 2, 38, 1, 12.15, 467.75
1, 26, 3, 41, 1, 4, 59, 0, 12.65, 804
0, 55, 1, 587, 0, 3, 54, 0, 13, 650.85
1, 40, 1, 38, 0, 4, 9, 1, 3.35, 37.7
1, 67, 2, 49, 1, 2, 67, 1, 14.3, 924.55
1, 44, 2, 33, 0, 3, 24, 1, 4.65, 100.95
1, 55, 2, 36, 1, 1, 12, 0, 5.95, 73.35
0, 47, 1, 54, 0, 3, 26, 1, 7.1, 205.4
0, 32, 4, 58, 0, 2, 3, 1, 2.75, 5.7
1, 46, 2, 23, 0, 5, 20, 1, 4.75, 82.3
0, 52, 2, 97, 1, 5, 5, 0, 3.1, 12.9
1, 53, 1, 207, 0, 3, 58, 1, 7.3, 447.15
0, 28, 4, 21, 1, 3, 54, 0, 10.4, 567.55
1, 39, 1, 119, 0, 3, 52, 1, 10.5, 556.5
1, 30, 4, 25, 1, 1, 38, 0, 3.95, 179.75
0, 46, 1, 59, 0, 3, 19, 0, 5.6, 97.25
0, 33, 4, 24, 1, 1, 22, 1, 7.1, 153.4
0, 35, 5, 113, 1, 4, 49, 1, 16.1, 818.45
1, 39, 2, 22, 0, 1, 5, 0, 4.7, 32.95
0, 69, 1, 11, 0, 1, 18, 0, 3.85, 62.75
1, 29, 4, 33, 0, 1, 43, 0, 22.05, 1042.95
0, 50, 1, 205, 0, 5, 17, 1, 6.95, 121.45
1, 33, 3, 41, 0, 3, 37, 1, 9.2, 347.1
1, 39, 1, 39, 0, 1, 8, 0, 3.15, 29.05
1, 46, 6, 107, 1, 2, 51, 0, 17.3, 840
1, 55, 3, 198, 1, 1, 71, 0, 17.8, 1218
1, 53, 2, 100, 1, 5, 56, 1, 14.15, 752.9
0, 68, 1, 1131, 0, 2, 70, 0, 14.85, 1104.4
1, 53, 2, 360, 0, 3, 62, 0, 31.9, 1892.85
1, 52, 2, 162, 1, 2, 50, 1, 12.85, 599.05
1, 31, 3, 29, 0, 5, 1, 1, 1.45, 1.45
0, 26, 2, 38, 0, 4, 15, 1, 7.4, 91.7
1, 55, 2, 82, 1, 3, 72, 1, 62.3, 4333
0, 47, 4, 159, 1, 2, 69, 0, 25.2, 1714.7
0, 44, 1, 201, 0, 2, 32, 0, 7.65, 237.85
1, 25, 2, 27, 1, 4, 19, 0, 9.55, 172.55
1, 54, 1, 57, 0, 3, 42, 1, 8.7, 356.45
0, 49, 1, 45, 0, 1, 51, 0, 15.7, 815.05
1, 22, 4, 17, 1, 2, 32, 0, 4.8, 157.25
0, 55, 2, 61, 1, 1, 26, 0, 4.25, 102.45
0, 44, 2, 418, 1, 4, 39, 0, 7.05, 269
1, 53, 1, 152, 0, 2, 72, 0, 43.25, 3115
0, 39, 2, 38, 0, 4, 4, 0, 2.8, 9.35
0, 50, 3, 151, 1, 4, 54, 0, 21.95, 1248.25
1, 40, 3, 23, 1, 4, 34, 1, 5.95, 207.7
1, 25, 3, 33, 1, 4, 20, 1, 4.55, 115.65
0, 49, 1, 26, 0, 1, 14, 0, 6.5, 86.7
1, 59, 1, 89, 0, 1, 61, 0, 17.35, 988.8
0, 24, 1, 25, 0, 4, 4, 0, 3.75, 12.4
0, 48, 2, 59, 0, 2, 16, 0, 7.85, 104.9
1, 41, 3, 55, 0, 2, 13, 1, 4.85, 55.65
1, 37, 2, 25, 1, 3, 53, 1, 9.95, 558.15
1, 36, 7, 39, 1, 2, 58, 1, 16.4, 933.1
1, 38, 2, 56, 1, 1, 25, 0, 10.55, 290.25
0, 61, 2, 155, 1, 3, 71, 0, 23.9, 1684.05
1, 33, 4, 119, 1, 5, 22, 1, 4.3, 88.5
0, 48, 2, 64, 1, 3, 46, 1, 10.2, 393.55
0, 50, 2, 333, 1, 5, 66, 0, 10.3, 659.55
1, 58, 3, 26, 1, 2, 69, 0, 32.65, 2321.8
0, 49, 4, 33, 1, 4, 38, 1, 6.85, 285.55
0, 35, 1, 46, 0, 3, 16, 1, 5.1, 74.1
0, 39, 4, 41, 1, 2, 44, 1, 7.55, 353.3
0, 50, 1, 31, 0, 1, 50, 0, 11.95, 540.5
1, 23, 1, 29, 0, 4, 10, 1, 4.95, 62.1
0, 41, 1, 94, 0, 2, 7, 1, 3.85, 27.95
0, 48, 1, 288, 0, 3, 71, 0, 30.9, 2123.6
1, 39, 5, 31, 1, 1, 16, 0, 5, 69.6
1, 20, 2, 25, 0, 2, 6, 0, 1.9, 19.3
0, 55, 1, 269, 0, 2, 46, 0, 10.1, 449.7
0, 49, 4, 203, 1, 3, 51, 0, 17.6, 961.9
0, 34, 2, 22, 0, 2, 5, 1, 3.6, 16.1
1, 54, 4, 25, 1, 2, 49, 0, 14.65, 719.5
0, 51, 2, 222, 1, 5, 49, 1, 12.25, 575.6
0, 30, 2, 76, 1, 3, 26, 1, 9.45, 214.7
1, 39, 1, 55, 0, 2, 22, 1, 5.4, 81.55
0, 45, 2, 46, 1, 3, 51, 0, 20.7, 1082.4
0, 27, 4, 56, 1, 4, 19, 1, 4.75, 97.85
1, 36, 5, 79, 0, 3, 9, 0, 5.8, 44.55
1, 25, 2, 51, 1, 3, 15, 0, 3.15, 45.35
0, 63, 1, 61, 0, 1, 57, 0, 12.7, 767.75
1, 45, 2, 41, 0, 1, 48, 0, 10.2, 445.7
1, 53, 2, 50, 1, 2, 9, 1, 3.1, 22
0, 52, 1, 82, 0, 1, 61, 0, 12.1, 751.75
0, 53, 1, 108, 0, 1, 72, 0, 32.55, 2361.35
1, 60, 1, 14, 0, 2, 57, 0, 16.1, 938.65
0, 51, 1, 46, 0, 1, 57, 0, 15.1, 901.05
0, 60, 3, 46, 1, 1, 37, 0, 8.8, 293.65
0, 51, 2, 146, 0, 4, 45, 1, 20.25, 869.75
1, 39, 5, 36, 1, 1, 45, 0, 15.2, 736.75
1, 44, 1, 83, 0, 1, 55, 0, 17.35, 973.1
0, 27, 5, 17, 0, 3, 24, 0, 5.2, 89
0, 20, 1, 18, 0, 3, 1, 1, 4.2, 4.2
1, 23, 4, 24, 1, 1, 34, 0, 6, 203.25
1, 37, 4, 48, 1, 3, 14, 0, 4.9, 78.2
0, 32, 1, 47, 0, 1, 6, 0, 3.85, 29.9
0, 30, 2, 25, 0, 4, 24, 1, 8.7, 186.6
1, 26, 3, 59, 1, 4, 3, 0, 2.55, 2.7
0, 30, 3, 45, 0, 4, 4, 1, 3.65, 8.85
0, 40, 2, 163, 1, 4, 72, 1, 39, 2914
1, 56, 1, 63, 0, 2, 44, 0, 7.5, 342.2
0, 43, 1, 27, 0, 3, 50, 0, 15, 817.85
1, 50, 2, 190, 1, 2, 61, 1, 16.85, 1063.15
0, 52, 2, 106, 1, 2, 34, 0, 4.95, 153.5
1, 54, 2, 26, 1, 3, 26, 1, 5.2, 149.2
0, 46, 2, 63, 1, 5, 15, 1, 3.7, 40.55
1, 39, 3, 27, 0, 3, 10, 1, 3, 32.25
1, 34, 1, 22, 0, 5, 7, 0, 4.65, 29.35
1, 59, 1, 944, 0, 5, 67, 1, 26.75, 1837.55
1, 49, 1, 87, 0, 2, 70, 0, 25.6, 1841.85
1, 36, 3, 39, 1, 3, 50, 1, 13.15, 665.4
